X,Y,Z,TWT auto,MD,Type,Surface,Well,Interpreter,Used by dep.conv.,Used by geo mod,Zone log,Edited by user,Symbol,Locked to fault
424537.68,6370208.09,295.0,117.91,376.0,Horizon,Seabed,22/19-2,jnasseri,True,True,0.0,False,0,0
434474.9,6370344.99,301.0,103.12,383.01,Horizon,Seabed,22/20-1,jnasseri,True,True,0.0,False,0,0
426909.76,6392021.43,299.0,127.13,381.0,Horizon,Seabed,22/14a-2,jnasseri,True,True,0.0,False,0,0
423256.76,6389768.98,295.0,142.56,401.0,Horizon,Seabed,22/14a-7,jnasseri,True,True,0.0,False,0,0
428227.3,6396945.18,298.0,135.4,407.0,Horizon,Seabed,22/9-1,jnasseri,True,True,0.0,False,0,0
426884.39,6404724.23,296.0,105.99,381.0,Horizon,Seabed,22/9-2,jnasseri,True,True,0.0,False,0,0
416304.98,6404573.35,298.0,104.97,381.0,Horizon,Seabed,22/8a-2,jnasseri,True,True,0.0,False,0,0
409681.72,6398273.32,300.0,95.67,385.0,Horizon,Seabed,22/8a-3,jnasseri,True,True,0.0,False,0,0
420216.2,6405022.0,286.0,99.06,422.0,Horizon,Seabed,22/9-5,jnasseri,True,True,0.0,False,0,0
410901.77,6386170.65,300.99,123.56,387.0,Horizon,Seabed,22/13b-3,jnasseri,True,True,0.0,False,0,0
422230.79,6386254.73,296.0,137.45,377.0,Horizon,Seabed,22/14-1,jnasseri,True,True,0.0,False,0,0
420367.7,6381533.68,299.0,90.7,381.0,Horizon,Seabed,22/14b-4,jnasseri,True,True,0.0,False,0,0
422638.52,6379309.28,290.0,95.77,375.0,Horizon,Seabed,22/14b-3,jnasseri,True,True,0.0,False,0,0
414061.96,6375625.61,294.1,89.18,386.0,Horizon,Seabed,22/13b-9,jnasseri,True,True,0.0,False,0,0
431427.26,6380157.46,281.9,129.31,361.0,Horizon,Seabed,22/15-1,jnasseri,True,True,0.0,False,0,0
432097.09,6388359.04,298.7,127.28,384.0,Horizon,Seabed,22/15-2,jnasseri,True,True,0.0,False,0,0
408612.86,6389648.98,306.0,118.16,436.0,Horizon,Seabed,22/13b-5,jnasseri,True,True,0.0,False,0,0
429432.89,6407621.38,286.98,90.66,364.0,Horizon,Seabed,22/10a-2,jnasseri,True,True,0.0,False,0,0
418040.0,6385474.99,300.0,115.22,390.0,Horizon,Seabed,22/14b-5,jnasseri,True,True,0.0,False,0,0
426909.76,6392021.43,7323.0,2320.09,7405.0,Horizon,Horda Fm,22/14a-2,jnasseri,True,True,1.0,False,0,0
424534.26,6370212.47,7808.59,2480.53,7890.0,Horizon,Horda Fm,22/19-2,jnasseri,True,True,1.0,False,0,0
434460.19,6370351.84,8040.54,2544.97,8123.0,Horizon,Horda Fm,22/20-1,jnasseri,True,True,1.0,False,0,0
428241.09,6396985.76,7277.18,2353.78,7388.0,Horizon,Horda Fm,22/9-1,jnasseri,True,True,1.0,False,0,0
426887.3,6404723.95,6443.9,2062.39,6529.0,Horizon,Horda Fm,22/9-2,jnasseri,True,True,1.0,False,0,0
416304.98,6404573.35,6498.0,2000.54,6581.0,Horizon,Horda Fm,22/8a-2,jnasseri,True,True,1.0,False,0,0
420190.41,6405014.09,7478.83,2339.12,7616.0,Horizon,Horda Fm,22/9-5,jnasseri,True,True,1.0,False,0,0
410760.78,6386096.8,7574.83,2399.54,7746.0,Horizon,Horda Fm,22/13b-3,jnasseri,True,True,1.0,False,0,0
422230.79,6386254.73,7307.0,2318.24,7388.0,Horizon,Horda Fm,22/14-1,jnasseri,True,True,1.0,False,0,0
423270.71,6389777.64,8260.64,2581.62,8367.03,Horizon,Balder Fm,22/14a-7,ahoward,True,True,2.0,False,0,0
414063.34,6375625.33,8349.09,2605.52,8441.03,Horizon,Balder Fm,22/13b-9,ahoward,True,True,2.0,False,0,0
431448.83,6380131.09,8496.54,2647.58,8576.81,Horizon,Balder Fm,22/15-1,ahoward,True,True,2.0,False,0,0
422358.81,6379065.07,8352.66,2617.03,8635.94,Horizon,Balder Fm,22/14b-3,ahoward,True,True,2.0,False,0,0
420382.56,6381544.24,8327.69,2608.99,8410.51,Horizon,Balder Fm,22/14b-4,ahoward,True,True,2.0,False,0,0
410681.65,6386057.09,8347.37,2614.81,8571.99,Horizon,Balder Fm,22/13b-3,ahoward,True,True,2.0,False,0,0
417727.75,6385532.13,8173.44,2549.65,8507.0,Horizon,Balder Fm,22/14b-5,jnasseri,True,True,2.0,False,0,0
422230.79,6386254.73,8222.56,2561.27,8303.56,Horizon,Balder Fm,22/14-1,ahoward,True,True,2.0,False,0,0
426909.76,6392021.43,7835.0,2469.08,7917.0,Horizon,Balder Fm,22/14a-2,jnasseri,True,True,2.0,False,0,0
432135.31,6388348.86,8112.59,2544.8,8211.17,Horizon,Balder Fm,22/15-2,ahoward,True,True,2.0,False,0,0
426891.77,6404725.68,8016.76,2508.41,8102.0,Horizon,Balder Fm,22/9-2,jnasseri,True,True,2.0,False,0,0
409674.12,6398275.26,8266.77,2503.66,8352.0,Horizon,Balder Fm,22/8a-3,jnasseri,True,True,2.0,False,0,0
416304.98,6404573.35,8175.0,2469.29,8258.0,Horizon,Balder Fm,22/8a-2,jnasseri,True,True,2.0,False,0,0
424536.78,6370220.55,8411.92,2642.83,8494.0,Horizon,Balder Fm,22/19-2,jnasseri,True,True,2.0,False,0,0
434454.06,6370357.66,9258.2,2861.99,9341.0,Horizon,Balder Fm,22/20-1,jnasseri,True,True,2.0,False,0,0
428246.82,6396984.17,7982.89,2528.75,8094.0,Horizon,Balder Fm,22/9-1,jnasseri,True,True,2.0,False,0,0
420186.04,6405012.28,8410.69,2589.72,8548.0,Horizon,Balder Fm,22/9-5,jnasseri,True,True,2.0,False,0,0
408634.73,6389609.93,8557.64,2680.29,8701.0,Horizon,Balder Fm,22/13b-5,jnasseri,True,True,2.0,False,0,0
429452.96,6407606.39,7904.17,2483.7,7982.0,Horizon,Balder Fm,22/10a-2,jnasseri,True,True,2.0,False,0,0
426909.76,6392021.43,8077.41,2531.06,8159.41,Horizon,Balder Tuff,22/14a-2,jnasseri,True,True,3.0,False,0,0
428247.43,6396983.83,8051.86,2543.44,8163.0,Horizon,Balder Tuff,22/9-1,jnasseri,True,True,3.0,False,0,0
426891.97,6404725.93,8097.75,2527.62,8183.0,Horizon,Balder Tuff,22/9-2,jnasseri,True,True,3.0,False,0,0
416304.98,6404573.35,8237.0,2484.48,8320.0,Horizon,Balder Tuff,22/8a-2,jnasseri,True,True,3.0,False,0,0
410673.67,6386053.83,8442.25,2636.36,8671.0,Horizon,Balder Tuff,22/13b-3,jnasseri,True,True,3.0,False,0,0
431449.4,6380131.22,8603.71,2671.14,8684.0,Horizon,Balder Tuff,22/15-1,jnasseri,True,True,3.0,False,0,0
432135.45,6388348.82,8182.41,2561.71,8281.0,Horizon,Balder Tuff,22/15-2,jnasseri,True,True,3.0,False,0,0
408633.58,6389611.18,8665.5,2706.43,8809.0,Horizon,Balder Tuff,22/13b-5,jnasseri,True,True,3.0,False,0,0
429453.66,6407606.25,8019.15,2513.73,8097.0,Horizon,Balder Tuff,22/10a-2,jnasseri,True,True,3.0,False,0,0
417724.05,6385532.9,8294.8,2579.02,8629.0,Horizon,Balder Tuff,22/14b-5,jnasseri,True,True,3.0,False,0,0
423270.95,6389777.35,8440.97,2619.33,8547.36,Horizon,Sele Fm,22/14a-7,ahoward,True,True,4.0,False,0,0
414063.32,6375625.34,8602.36,2661.47,8694.3,Horizon,Sele Fm,22/13b-9,ahoward,True,True,4.0,False,0,0
431449.83,6380131.3,8690.21,2689.89,8770.51,Horizon,Sele Fm,22/15-1,ahoward,True,True,4.0,False,0,0
422339.18,6379048.08,8596.44,2673.35,8894.18,Horizon,Sele Fm,22/14b-3,ahoward,True,True,4.0,False,0,0
420385.78,6381544.99,8540.86,2655.3,8623.96,Horizon,Sele Fm,22/14b-4,ahoward,True,True,4.0,False,0,0
410663.99,6386049.57,8597.09,2670.55,8829.75,Horizon,Sele Fm,22/13b-3,ahoward,True,True,4.0,False,0,0
417721.78,6385533.5,8436.9,2610.84,8771.32,Horizon,Sele Fm,22/14b-5,ahoward,True,True,4.0,False,0,0
422230.79,6386254.73,8363.19,2589.82,8444.19,Horizon,Sele Fm,22/14-1,ahoward,True,True,4.0,False,0,0
426909.76,6392021.43,8233.76,2566.56,8315.76,Horizon,Sele Fm,22/14a-2,ahoward,True,True,4.0,False,0,0
432135.59,6388348.79,8278.38,2582.68,8376.97,Horizon,Sele Fm,22/15-2,ahoward,True,True,4.0,False,0,0
426892.07,6404726.14,8170.75,2543.35,8256.0,Horizon,Sele Fm,22/9-2,jnasseri,True,True,4.0,False,0,0
409673.06,6398275.38,8435.73,2542.96,8521.0,Horizon,Sele Fm,22/8a-3,jnasseri,True,True,4.0,False,0,0
416304.98,6404573.35,8326.0,2504.55,8409.0,Horizon,Sele Fm,22/8a-2,jnasseri,True,True,4.0,False,0,0
424539.56,6370229.09,8943.1,2764.53,9026.0,Horizon,Sele Fm,22/19-2,jnasseri,True,True,4.0,False,0,0
434453.28,6370358.58,9487.17,2910.65,9570.0,Horizon,Sele Fm,22/20-1,jnasseri,True,True,4.0,False,0,0
428248.21,6396983.51,8139.81,2563.7,8251.0,Horizon,Sele Fm,22/9-1,jnasseri,True,True,4.0,False,0,0
420185.35,6405012.09,8546.67,2619.49,8684.0,Horizon,Sele Fm,22/9-5,jnasseri,True,True,4.0,False,0,0
408632.51,6389612.34,8767.37,2728.88,8911.0,Horizon,Sele Fm,22/13b-5,jnasseri,True,True,4.0,False,0,0
429453.97,6407606.24,8075.14,2525.09,8153.0,Horizon,Sele Fm,22/10a-2,jnasseri,True,True,4.0,False,0,0
424540.03,6370230.56,9039.57,2784.43,9122.6,Horizon,Top Forties,22/19-2,ahoward,True,True,5.0,False,0,0
420388.6,6381545.06,8713.53,2694.56,8796.88,Horizon,Top Forties,22/14b-4,ahoward,True,True,5.0,False,0,0
422326.82,6379037.38,8755.39,2710.37,9061.94,Horizon,Top Forties,22/14b-3,ahoward,True,True,5.0,False,0,0
417721.26,6385533.42,8630.17,2651.54,8964.61,Horizon,Top Forties,22/14b-5,ahoward,True,True,5.0,False,0,0
422230.79,6386254.73,8618.4,2642.28,8699.4,Horizon,Top Forties,22/14-1,ahoward,True,True,5.0,False,0,0
423271.2,6389777.14,8704.85,2677.21,8811.24,Horizon,Top Forties,22/14a-7,ahoward,True,True,5.0,False,0,0
414063.34,6375625.3,8701.56,2683.85,8793.5,Horizon,Top Forties,22/13b-9,ahoward,True,True,5.0,False,0,0
431450.74,6380131.41,8948.87,2742.63,9029.19,Horizon,Top Forties,22/15-1,ahoward,True,True,5.0,False,0,0
410656.5,6386046.35,8790.41,2713.65,9024.95,Horizon,Top Forties,22/13b-3,ahoward,True,True,5.0,False,0,0
426909.76,6392021.43,8503.96,2626.35,8585.96,Horizon,Top Forties,22/14a-2,ahoward,True,True,5.0,False,0,0
432135.07,6388348.58,8630.81,2662.75,8729.41,Horizon,Top Forties,22/15-2,ahoward,True,True,5.0,False,0,0
426892.23,6404726.52,8428.75,2603.12,8514.0,Horizon,Top Forties,22/9-2,jnasseri,True,True,5.0,False,0,0
409672.26,6398275.35,8574.71,2574.71,8660.0,Horizon,Top Forties,22/8a-3,jnasseri,True,True,5.0,False,0,0
416304.98,6404573.35,8506.0,2547.65,8589.0,Horizon,Top Forties,22/8a-2,jnasseri,True,True,5.0,False,0,0
428250.74,6396982.41,8421.67,2624.51,8533.0,Horizon,Top Forties,22/9-1,jnasseri,True,True,5.0,False,0,0
420184.35,6405011.97,8742.65,2665.01,8880.0,Horizon,Top Forties,22/9-5,jnasseri,True,True,5.0,False,0,0
408630.52,6389614.63,8970.12,2770.71,9114.0,Horizon,Top Forties,22/13b-5,jnasseri,True,True,5.0,False,0,0
431451.56,6380131.62,9380.42,2820.7,9460.75,Horizon,Base Forties,22/15-1,ahoward,True,True,7.0,False,0,0
422293.67,6379009.0,9179.7,2785.44,9509.78,Horizon,Base Forties,22/14b-3,ahoward,True,True,7.0,False,0,0
414063.39,6375625.42,9183.17,2771.57,9275.12,Horizon,Base Forties,22/13b-9,ahoward,True,True,7.0,False,0,0
410641.68,6386042.28,9450.23,2832.93,9686.78,Horizon,Base Forties,22/13b-3,ahoward,True,True,6.0,False,0,0
417721.23,6385533.72,9089.62,2732.56,9424.07,Horizon,Base Forties,22/14b-5,ahoward,True,True,7.0,False,0,0
426909.76,6392021.43,9065.11,2726.4,9147.11,Horizon,Base Forties,22/14a-2,ahoward,True,True,7.0,False,0,0
423271.28,6389777.1,8791.39,2693.17,8897.78,Horizon,Base Forties,22/14a-7,ahoward,True,True,7.0,False,0,0
422230.79,6386254.73,8787.32,2674.89,8868.32,Horizon,Base Forties,22/14-1,ahoward,True,True,7.0,False,0,0
432134.47,6388348.11,8815.62,2697.37,8914.23,Horizon,Base Forties,22/15-2,ahoward,True,True,7.0,False,0,0
420395.68,6381543.64,9257.54,2795.59,9341.41,Horizon,Base Forties,22/14b-4,ahoward,True,True,7.0,False,0,0
424542.1,6370236.45,9428.22,2850.71,9511.79,Horizon,Lista Fm,22/19-2,ahoward,True,True,8.0,False,0,0
420396.11,6381543.54,9290.6,2802.51,9374.5,Horizon,Lista Fm,22/14b-4,ahoward,True,True,8.0,False,0,0
422290.34,6379006.21,9221.08,2792.76,9553.54,Horizon,Lista Fm,22/14b-3,ahoward,True,True,8.0,False,0,0
422230.79,6386254.73,8791.95,2675.78,8872.95,Horizon,Lista Fm,22/14-1,ahoward,True,True,8.0,False,0,0
423271.3,6389777.09,8811.61,2696.96,8918.0,Horizon,Lista Fm,22/14a-7,jnasseri,True,True,8.0,False,0,0
431451.58,6380131.66,9444.8,2832.99,9525.13,Horizon,Lista Fm,22/15-1,ahoward,True,True,8.0,False,0,0
414063.39,6375625.4,9220.1,2778.24,9312.05,Horizon,Lista Fm,22/13b-9,ahoward,True,True,8.0,False,0,0
410644.92,6386042.83,9277.79,2800.23,9514.0,Horizon,Lista Fm,22/13b-3,jnasseri,True,True,8.0,False,0,0
417721.24,6385533.63,9133.64,2740.54,9468.09,Horizon,Lista Fm,22/14b-5,ahoward,True,True,7.0,False,0,0
432134.47,6388348.11,8816.49,2697.52,8915.1,Horizon,Lista Fm,22/15-2,ahoward,True,True,8.0,False,0,0
426909.76,6392021.43,9103.93,2733.26,9185.93,Horizon,Lista Fm,22/14a-2,ahoward,True,True,8.0,False,0,0
434452.81,6370359.06,9628.15,2940.43,9711.0,Horizon,Lista Fm,22/20-1,jnasseri,True,True,8.0,False,0,0
428252.62,6396981.58,8645.56,2674.04,8757.0,Horizon,Lista Fm,22/9-1,jnasseri,True,True,8.0,False,0,0
426892.81,6404727.15,8746.73,2663.17,8832.0,Horizon,Lista Fm,22/9-2,jnasseri,True,True,8.0,False,0,0
416304.98,6404573.35,8818.0,2604.94,8901.0,Horizon,Lista Fm,22/8a-2,jnasseri,True,True,8.0,False,0,0
420181.35,6405011.72,9283.55,2769.66,9421.0,Horizon,Lista Fm,22/9-5,jnasseri,True,True,8.0,False,0,0
408626.8,6389619.78,9360.56,2842.25,9505.0,Horizon,Lista Fm,22/13b-5,jnasseri,True,True,8.0,False,0,0
429455.9,6407606.48,8429.08,2606.54,8507.0,Horizon,Lista Fm,22/10a-2,jnasseri,True,True,8.0,False,0,0
426909.76,6392021.43,9400.0,2787.21,9482.0,Horizon,Andrew Mb,22/14a-2,jnasseri,True,True,9.0,False,0,0
409668.39,6398275.21,9110.55,2661.38,9196.0,Horizon,Andrew Mb,22/8a-3,jnasseri,True,True,9.0,False,0,0
420181.06,6405011.71,9325.54,2777.69,9463.0,Horizon,Andrew Mb,22/9-5,jnasseri,True,True,9.0,False,0,0
420396.93,6381543.37,9352.04,2816.7,9436.0,Horizon,Andrew Mb,22/14b-4,jnasseri,True,True,9.0,False,0,0
422287.25,6379003.65,9259.33,2799.59,9594.0,Horizon,Andrew Mb,22/14b-3,jnasseri,True,True,9.0,False,0,0
424542.41,6370237.16,9476.36,2858.65,9560.0,Horizon,Mey Sst Mb,22/19-2,jnasseri,True,True,10.0,False,0,0
434452.73,6370359.16,9700.15,2955.0,9783.0,Horizon,Mey Sst Mb,22/20-1,jnasseri,True,True,10.0,False,0,0
423271.4,6389777.06,8948.61,2723.04,9055.0,Horizon,Mey Sst Mb,22/14a-7,jnasseri,True,True,10.0,False,0,0
428253.4,6396981.26,8727.52,2690.96,8839.0,Horizon,Mey Sst Mb,22/9-1,jnasseri,True,True,10.0,False,0,0
426893.14,6404727.41,8897.73,2694.56,8983.0,Horizon,Mey Sst Mb,22/9-2,jnasseri,True,True,10.0,False,0,0
416304.98,6404573.35,8864.0,2613.93,8947.0,Horizon,Mey Sst Mb,22/8a-2,jnasseri,True,True,10.0,False,0,0
410643.62,6386042.6,9346.65,2813.17,9583.0,Horizon,Mey Sst Mb,22/13b-3,jnasseri,True,True,10.0,False,0,0
431451.58,6380131.66,9447.67,2833.48,9528.0,Horizon,Mey Sst Mb,22/15-1,jnasseri,True,True,10.0,False,0,0
432134.18,6388347.91,8913.38,2714.49,9012.0,Horizon,Mey Sst Mb,22/15-2,jnasseri,True,True,10.0,False,0,0
408626.59,6389620.12,9386.53,2847.19,9531.0,Horizon,Mey Sst Mb,22/13b-5,jnasseri,True,True,10.0,False,0,0
429456.66,6407606.53,8564.05,2638.78,8642.0,Horizon,Mey Sst Mb,22/10a-2,jnasseri,True,True,10.0,False,0,0
417721.23,6385533.65,9124.55,2738.88,9459.0,Horizon,Mey Sst Mb,22/14b-5,jnasseri,True,True,10.0,False,0,0
429457.64,6407606.79,8790.03,2681.54,8868.0,Horizon,Maureen Fm,22/10a-2,jnasseri,True,True,11.0,False,0,0
409661.64,6398276.94,9814.17,2790.6,9900.0,Horizon,Maureen Fm,22/8a-3,jnasseri,True,True,11.0,False,0,0
416304.98,6404573.35,9563.0,2740.47,9646.0,Horizon,Maureen Fm,22/8a-2,jnasseri,True,True,11.0,False,0,0
426909.76,6392021.43,9662.0,2834.09,9744.0,Horizon,Maureen Fm,22/14a-2,jnasseri,True,True,11.0,False,0,0
424545.25,6370243.59,9915.76,2937.97,10000.0,Horizon,Maureen Fm,22/19-2,jnasseri,True,True,11.0,False,0,0
434451.1,6370361.34,10120.05,3030.24,10203.0,Horizon,Maureen Fm,22/20-1,jnasseri,True,True,11.0,False,0,0
423271.77,6389777.0,9559.6,2830.22,9666.0,Horizon,Maureen Fm,22/14a-7,jnasseri,True,True,11.0,False,0,0
428257.56,6396980.34,9117.26,2765.05,9229.0,Horizon,Maureen Fm,22/9-1,jnasseri,True,True,11.0,False,0,0
426894.64,6404727.6,9465.71,2791.05,9551.0,Horizon,Maureen Fm,22/9-2,jnasseri,True,True,11.0,False,0,0
420179.34,6405011.72,9579.48,2825.37,9717.0,Horizon,Maureen Fm,22/9-5,jnasseri,True,True,11.0,False,0,0
410635.64,6386041.44,9792.87,2893.55,10030.0,Horizon,Maureen Fm,22/13b-3,jnasseri,True,True,11.0,False,0,0
422230.79,6386254.73,9578.0,2817.46,9659.0,Horizon,Maureen Fm,22/14-1,jnasseri,True,True,11.0,False,0,0
420401.09,6381542.45,9636.7,2863.67,9721.0,Horizon,Maureen Fm,22/14b-4,jnasseri,True,True,11.0,False,0,0
422255.59,6378977.98,9640.54,2864.96,9998.0,Horizon,Maureen Fm,22/14b-3,jnasseri,True,True,11.0,False,0,0
414063.2,6375625.21,9591.05,2843.57,9683.0,Horizon,Maureen Fm,22/13b-9,jnasseri,True,True,11.0,False,0,0
431451.81,6380131.26,10001.66,2926.26,10082.0,Horizon,Maureen Fm,22/15-1,jnasseri,True,True,11.0,False,0,0
432132.79,6388347.03,9481.35,2818.96,9580.0,Horizon,Maureen Fm,22/15-2,jnasseri,True,True,11.0,False,0,0
408623.99,6389624.54,9730.12,2909.34,9875.0,Horizon,Maureen Fm,22/13b-5,jnasseri,True,True,11.0,False,0,0
417721.45,6385533.75,9567.53,2821.12,9902.0,Horizon,Maureen Fm,22/14b-5,jnasseri,True,True,11.0,False,0,0
409660.74,6398277.27,9932.13,2808.41,10018.0,Horizon,Top Chalk/Ekofisk Fm,22/8a-3,jnasseri,True,True,12.0,False,0,0
416304.98,6404573.35,9947.0,2805.83,10030.0,Horizon,Top Chalk/Ekofisk Fm,22/8a-2,jnasseri,True,True,12.0,False,0,0
426909.76,6392021.43,9738.0,2846.24,9820.0,Horizon,Top Chalk/Ekofisk Fm,22/14a-2,jnasseri,True,True,12.0,False,0,0
424546.56,6370247.87,10227.41,2988.29,10312.0,Horizon,Top Chalk/Ekofisk Fm,22/19-2,jnasseri,True,True,12.0,False,0,0
434448.86,6370364.82,10572.84,3106.11,10656.0,Horizon,Top Chalk/Ekofisk Fm,22/20-1,jnasseri,True,True,12.0,False,0,0
423271.72,6389777.18,9719.6,2856.7,9826.0,Horizon,Top Chalk/Ekofisk Fm,22/14a-7,jnasseri,True,True,12.0,False,0,0
428258.53,6396980.05,9202.2,2776.53,9314.0,Horizon,Top Chalk/Ekofisk Fm,22/9-1,jnasseri,True,True,12.0,False,0,0
426894.7,6404727.61,9491.71,2794.42,9577.0,Horizon,Top Chalk/Ekofisk Fm,22/9-2,jnasseri,True,True,12.0,False,0,0
420176.61,6405011.38,10117.4,2917.61,10255.0,Horizon,Top Chalk/Ekofisk Fm,22/9-5,jnasseri,True,True,12.0,False,0,0
410631.95,6386040.93,10011.53,2927.17,10249.0,Horizon,Top Chalk/Ekofisk Fm,22/13b-3,jnasseri,True,True,12.0,False,0,0
422230.79,6386254.73,9611.0,2822.68,9692.0,Horizon,Top Chalk/Ekofisk Fm,22/14-1,jnasseri,True,True,12.0,False,0,0
420403.82,6381541.85,9840.49,2888.15,9925.0,Horizon,Top Chalk/Ekofisk Fm,22/14b-4,jnasseri,True,True,12.0,False,0,0
422241.2,6378966.62,9818.65,2892.44,10186.0,Horizon,Top Chalk/Ekofisk Fm,22/14b-3,jnasseri,True,True,12.0,False,0,0
414063.17,6375625.22,9894.05,2886.79,9986.0,Horizon,Top Chalk/Ekofisk Fm,22/13b-9,jnasseri,True,True,12.0,False,0,0
431451.79,6380131.24,10024.66,2930.03,10105.0,Horizon,Top Chalk/Ekofisk Fm,22/15-1,jnasseri,True,True,12.0,False,0,0
432132.77,6388347.02,9491.35,2820.6,9590.0,Horizon,Top Chalk/Ekofisk Fm,22/15-2,jnasseri,True,True,12.0,False,0,0
408621.81,6389629.04,10080.73,2963.61,10226.0,Horizon,Top Chalk/Ekofisk Fm,22/13b-5,jnasseri,True,True,12.0,False,0,0
429458.14,6407607.17,8934.01,2700.58,9012.0,Horizon,Top Chalk/Ekofisk Fm,22/10a-2,jnasseri,True,True,12.0,False,0,0
417720.96,6385533.79,9793.52,2859.5,10128.0,Horizon,Top Chalk/Ekofisk Fm,22/14b-5,jnasseri,True,True,12.0,False,0,0
409655.32,6398275.49,11125.96,2953.25,11212.0,Horizon,Flounder,22/8a-3,jnasseri,True,True,15.0,False,0,0
420172.1,6405010.16,11282.3,3059.57,11420.0,Horizon,Flounder,22/9-5,jnasseri,True,True,15.0,False,0,0
424553.72,6370274.09,12370.52,3247.43,12457.0,Horizon,Plenus Marl Fm,22/19-2,jnasseri,True,True,16.0,False,0,0
434445.95,6370379.04,12776.2,3364.91,12860.0,Horizon,Plenus Marl Fm,22/20-1,jnasseri,True,True,16.0,False,0,0
409641.71,6398265.02,12829.93,3180.07,12917.0,Horizon,Plenus Marl Fm,22/8a-3,jnasseri,True,True,16.0,False,0,0
410599.27,6386031.56,12341.71,3233.63,12582.0,Horizon,Plenus Marl Fm,22/13b-3,jnasseri,True,True,16.0,False,0,0
422230.79,6386254.73,11796.0,3088.24,11877.0,Horizon,Plenus Marl Fm,22/14-1,jnasseri,True,True,16.0,False,0,0
408608.61,6389656.29,12319.51,3259.43,12467.0,Horizon,Plenus Marl Fm,22/13b-5,jnasseri,True,True,16.0,False,0,0
417732.76,6385535.16,11919.0,3124.52,12254.0,Horizon,Plenus Marl Fm,22/14b-5,jnasseri,True,True,16.0,False,0,0
424553.77,6370274.24,12380.51,3248.77,12467.0,Horizon,Hirda Fm,22/19-2,jnasseri,True,True,17.0,False,0,0
434445.89,6370379.11,12816.2,3369.59,12900.0,Horizon,Hirda Fm,22/20-1,jnasseri,True,True,17.0,False,0,0
423269.07,6389777.99,11730.58,3096.95,11837.0,Horizon,Hirda Fm,22/14a-7,jnasseri,True,True,17.0,False,0,0
409641.63,6398264.9,12844.92,3181.84,12932.0,Horizon,Hirda Fm,22/8a-3,jnasseri,True,True,17.0,False,0,0
420165.31,6405007.33,12869.11,3261.03,13007.0,Horizon,Hirda Fm,22/9-5,jnasseri,True,True,17.0,False,0,0
410599.23,6386031.54,12344.71,3234.0,12585.0,Horizon,Hirda Fm,22/13b-3,jnasseri,True,True,17.0,False,0,0
422230.79,6386254.73,11812.0,3090.33,11893.0,Horizon,Hirda Fm,22/14-1,jnasseri,True,True,17.0,False,0,0
422064.91,6378868.14,11564.94,3105.79,12056.0,Horizon,Hirda Fm,22/14b-3,jnasseri,True,True,17.0,False,0,0
414062.62,6375625.67,11889.04,3142.87,11981.0,Horizon,Hirda Fm,22/13b-9,jnasseri,True,True,17.0,False,0,0
417732.89,6385535.16,11931.99,3126.09,12267.0,Horizon,Hirda Fm,22/14b-5,jnasseri,True,True,17.0,False,0,0
424555.4,6370280.17,12776.99,3297.34,12864.0,Horizon,Rodby Fm,22/19-2,jnasseri,True,True,18.0,False,0,0
434444.4,6370379.08,13371.17,3437.69,13455.0,Horizon,Rodby Fm,22/20-1,jnasseri,True,True,18.0,False,0,0
423268.71,6389777.53,12080.07,3137.27,12186.5,Horizon,Rodby Fm,22/14a-7,jnasseri,True,True,18.0,False,0,0
416304.98,6404573.35,12978.0,3216.44,13061.0,Horizon,Rodby Fm,22/8a-2,jnasseri,True,True,18.0,False,0,0
420162.57,6405005.79,13259.97,3319.78,13398.0,Horizon,Rodby Fm,22/9-5,jnasseri,True,True,18.0,False,0,0
422230.79,6386254.73,12134.0,3130.28,12215.0,Horizon,Rodby Fm,22/14-1,jnasseri,True,True,18.0,False,0,0
414062.7,6375625.86,11999.03,3157.79,12091.0,Horizon,Rodby Fm,22/13b-9,jnasseri,True,True,18.0,False,0,0
431447.77,6380129.84,12071.59,3178.86,12152.0,Horizon,Rodby Fm,22/15-1,jnasseri,True,True,18.0,False,0,0
432130.96,6388342.97,11144.29,3014.69,11243.0,Horizon,Rodby Fm,22/15-2,jnasseri,True,True,18.0,False,0,0
426909.76,6392021.43,11831.0,3100.38,11913.0,Horizon,Sola Fm,22/14a-2,jnasseri,True,True,19.0,False,0,0
424555.67,6370282.02,12891.83,3315.23,12979.0,Horizon,Sola Fm,22/19-2,jnasseri,True,True,19.0,False,0,0
434443.43,6370378.22,13682.14,3482.73,13766.0,Horizon,Sola Fm,22/20-1,jnasseri,True,True,19.0,False,0,0
416304.98,6404573.35,13227.0,3265.29,13310.0,Horizon,Sola Fm,22/8a-2,jnasseri,True,True,19.0,False,0,0
410598.6,6386031.28,12397.66,3241.11,12638.0,Horizon,Sola Fm,22/13b-3,jnasseri,True,True,19.0,False,0,0
422230.79,6386254.73,12229.0,3145.39,12310.0,Horizon,Sola Fm,22/14-1,jnasseri,True,True,19.0,False,0,0
431447.19,6380129.91,12173.57,3194.35,12254.0,Horizon,Sola Fm,22/15-1,jnasseri,True,True,19.0,False,0,0
409640.6,6398263.16,13042.81,3208.74,13130.0,Horizon,Valhall Fm,22/8a-3,jnasseri,True,True,20.0,False,0,0
416304.98,6404573.35,13378.0,3300.58,13461.0,Horizon,Valhall Fm,22/8a-2,jnasseri,True,True,20.0,False,0,0
426909.76,6392021.43,11857.0,3104.36,11939.0,Horizon,Valhall Fm,22/14a-2,jnasseri,True,True,20.0,False,0,0
424555.89,6370284.6,13042.59,3341.76,13130.0,Horizon,Valhall Fm,22/19-2,jnasseri,True,True,20.0,False,0,0
434442.65,6370377.3,13922.1,3525.17,14006.0,Horizon,Valhall Fm,22/20-1,jnasseri,True,True,20.0,False,0,0
423268.16,6389776.8,12400.56,3184.32,12507.0,Horizon,Valhall Fm,22/14a-7,jnasseri,True,True,20.0,False,0,0
420160.96,6405004.87,13448.88,3351.64,13587.0,Horizon,Valhall Fm,22/9-5,jnasseri,True,True,20.0,False,0,0
410598.32,6386031.17,12420.64,3244.83,12661.0,Horizon,Valhall Fm,22/13b-3,jnasseri,True,True,20.0,False,0,0
420422.23,6381538.22,12017.16,3155.92,12103.0,Horizon,Valhall Fm,22/14b-4,jnasseri,True,True,20.0,False,0,0
431446.89,6380129.95,12225.56,3203.72,12306.0,Horizon,Valhall Fm,22/15-1,jnasseri,True,True,20.0,False,0,0
432130.84,6388342.72,11246.28,3027.7,11345.0,Horizon,Valhall Fm,22/15-2,jnasseri,True,True,20.0,False,0,0
408608.33,6389656.79,12372.48,3267.88,12520.0,Horizon,Valhall Fm,22/13b-5,jnasseri,True,True,20.0,False,0,0
409638.77,6398259.17,13465.57,3276.69,13553.0,Horizon,Kimm Clay Fm,22/8a-3,jnasseri,True,True,22.0,False,0,0
426909.76,6392021.43,11916.0,3113.22,11998.0,Horizon,Kimm Clay Fm,22/14a-2,jnasseri,True,True,22.0,False,0,0
424555.69,6370290.6,13333.92,3392.81,13422.0,Horizon,Kimm Clay Fm,22/19-2,jnasseri,True,True,22.0,False,0,0
434436.57,6370381.05,15535.62,3810.93,15620.0,Horizon,Kimm Clay Fm,22/20-1,jnasseri,True,True,22.0,False,0,0
423268.12,6389776.76,12417.56,3187.76,12524.0,Horizon,Kimm Clay Fm,22/14a-7,jnasseri,True,True,22.0,False,0,0
420147.27,6404995.53,14694.66,3596.97,14834.0,Horizon,Kimm Clay Fm,22/9-5,jnasseri,True,True,22.0,False,0,0
410596.19,6386030.14,12586.46,3274.96,12827.0,Horizon,Kimm Clay Fm,22/13b-3,jnasseri,True,True,22.0,False,0,0
420422.48,6381538.04,12073.15,3164.9,12159.0,Horizon,Kimm Clay Fm,22/14b-4,jnasseri,True,True,22.0,False,0,0
422020.23,6378851.96,11831.51,3142.42,12365.0,Horizon,Kimm Clay Fm,22/14b-3,jnasseri,True,True,22.0,False,0,0
414062.85,6375625.97,12158.03,3181.96,12250.0,Horizon,Kimm Clay Fm,22/13b-9,jnasseri,True,True,22.0,False,0,0
431442.0,6380129.1,12809.28,3313.71,12890.0,Horizon,Kimm Clay Fm,22/15-1,jnasseri,True,True,22.0,False,0,0
432130.58,6388342.14,11486.28,3067.49,11585.0,Horizon,Kimm Clay Fm,22/15-2,jnasseri,True,True,22.0,False,0,0
408608.16,6389657.09,12404.46,3272.66,12552.0,Horizon,Kimm Clay Fm,22/13b-5,jnasseri,True,True,22.0,False,0,0
417735.43,6385534.96,12213.87,3166.33,12549.0,Horizon,Kimm Clay Fm,22/14b-5,jnasseri,True,True,22.0,False,0,0
426909.76,6392021.43,11975.0,3126.62,12057.0,Horizon,Heather Fm,22/14a-2,jnasseri,True,True,24.0,False,0,0
434434.55,6370383.83,15843.41,3883.47,15928.0,Horizon,Heather Fm,22/20-1,jnasseri,True,True,24.0,False,0,0
423267.47,6389776.23,12811.55,3263.77,12918.0,Horizon,Heather Fm,22/14a-7,jnasseri,True,True,24.0,False,0,0
409637.88,6398255.76,13797.36,3350.61,13885.0,Horizon,Heather Fm,22/8a-3,jnasseri,True,True,24.0,False,0,0
420422.67,6381537.9,12115.14,3173.63,12201.0,Horizon,Heather Fm,22/14b-4,jnasseri,True,True,24.0,False,0,0
414062.9,6375625.96,12199.03,3192.05,12291.0,Horizon,Heather Fm,22/13b-9,jnasseri,True,True,24.0,False,0,0
431440.0,6380128.44,12908.04,3338.85,12989.0,Horizon,Heather Fm,22/15-1,jnasseri,True,True,24.0,False,0,0
408606.9,6389659.48,12644.3,3320.07,12792.0,Horizon,Heather Fm,22/13b-5,jnasseri,True,True,24.0,False,0,0
409636.52,6398250.49,14308.05,3453.92,14396.0,Horizon,Fulmar Fm,22/8a-3,jnasseri,True,True,25.0,False,0,0
424555.67,6370291.07,13353.86,3396.73,13442.0,Horizon,Fulmar Fm,22/19-2,jnasseri,True,True,25.0,False,0,0
420127.35,6404981.67,16126.4,3913.94,16268.0,Horizon,Fulmar Fm,22/9-5,jnasseri,True,True,25.0,False,0,0
410584.49,6386035.78,13096.11,3384.08,13339.0,Horizon,Fulmar Fm,22/13b-3,jnasseri,True,True,25.0,False,0,0
414063.13,6375625.85,12382.03,3228.9,12474.0,Horizon,Fulmar Fm,22/13b-9,jnasseri,True,True,25.0,False,0,0
431437.91,6380127.56,12999.74,3359.48,13081.0,Horizon,Fulmar Fm,22/15-1,jnasseri,True,True,25.0,False,0,0
432130.49,6388341.94,11568.27,3085.7,11667.0,Horizon,Fulmar Fm,22/15-2,jnasseri,True,True,25.0,False,0,0
408603.47,6389665.58,13243.86,3436.3,13392.0,Horizon,Fulmar Fm,22/13b-5,jnasseri,True,True,25.0,False,0,0
417737.26,6385534.63,12413.77,3203.6,12749.0,Horizon,Fulmar Fm,22/14b-5,jnasseri,True,True,25.0,False,0,0
434433.13,6370385.8,16060.26,3917.34,16145.0,Horizon,Pentland,22/20-1,jnasseri,True,True,26.0,False,0,0
420118.63,6404975.16,16576.97,3987.53,16720.0,Horizon,Pentland,22/9-5,jnasseri,True,True,26.0,False,0,0
410579.18,6386041.62,13249.94,3410.57,13495.0,Horizon,Pentland,22/13b-3,jnasseri,True,True,26.0,False,0,0
431434.17,6380126.0,13153.16,3383.26,13235.0,Horizon,Pentland,22/15-1,jnasseri,True,True,26.0,False,0,0
408601.78,6389668.89,13608.65,3495.59,13757.0,Horizon,Pentland,22/13b-5,jnasseri,True,True,26.0,False,0,0
422230.79,6386254.73,12283.0,3154.25,12364.0,Horizon,Hegre Gr,22/14-1,jnasseri,True,True,27.0,False,0,0
424555.12,6370297.65,13631.01,3445.99,13720.0,Horizon,Skagerrak Fm,22/19-2,jnasseri,True,True,28.0,False,0,0
434429.16,6370391.29,16666.86,3994.9,16752.0,Horizon,Skagerrak Fm,22/20-1,jnasseri,True,True,28.0,False,0,0
423267.41,6389776.18,12836.04,3268.06,12942.5,Horizon,Skagerrak Fm,22/14a-7,jnasseri,True,True,28.0,False,0,0
410574.8,6386046.43,13359.88,3428.09,13607.0,Horizon,Skagerrak Fm,22/13b-3,jnasseri,True,True,28.0,False,0,0
420422.73,6381537.86,12129.14,3176.32,12215.0,Horizon,Skagerrak Fm,22/14b-4,jnasseri,True,True,28.0,False,0,0
422018.32,6378851.32,11841.53,3144.32,12377.0,Horizon,Skagerrak Fm,22/14b-3,jnasseri,True,True,28.0,False,0,0
414063.25,6375625.76,12458.03,3240.23,12550.0,Horizon,Skagerrak Fm,22/13b-9,jnasseri,True,True,28.0,False,0,0
431429.75,6380124.45,13319.45,3410.84,13402.0,Horizon,Skagerrak Fm,22/15-1,jnasseri,True,True,28.0,False,0,0
432130.09,6388341.06,11932.26,3144.14,12031.0,Horizon,Skagerrak Fm,22/15-2,jnasseri,True,True,28.0,False,0,0
408601.21,6389670.24,13772.58,3523.86,13921.0,Horizon,Skagerrak Fm,22/13b-5,jnasseri,True,True,28.0,False,0,0
417738.49,6385534.38,12564.72,3230.02,12900.0,Horizon,Skagerrak Fm,22/14b-5,jnasseri,True,True,28.0,False,0,0
426909.76,6392021.43,12083.0,3149.85,12165.0,Horizon,Smith Bank Fm,22/14a-2,jnasseri,True,True,29.0,False,0,0
434427.0,6370394.28,16997.63,4046.3,17083.0,Horizon,Smith Bank Fm,22/20-1,jnasseri,True,True,29.0,False,0,0
428277.76,6396979.96,10313.26,2914.17,10427.0,Horizon,Smith Bank Fm,22/9-1,jnasseri,True,True,29.0,False,0,0
409635.31,6398245.82,14761.78,3523.34,14850.0,Horizon,Smith Bank Fm,22/8a-3,jnasseri,True,True,29.0,False,0,0
431421.3,6380118.88,13722.04,3475.57,13806.0,Horizon,Smith Bank Fm,22/15-1,jnasseri,True,True,29.0,False,0,0
429462.29,6407608.98,9767.86,2807.76,9846.0,Horizon,Smith Bank Fm,22/10a-2,jnasseri,True,True,29.0,False,0,0
426909.76,6392021.43,12963.0,3289.22,13045.0,Horizon,Zechtein,22/14a-2,jnasseri,True,True,30.0,False,0,0
422230.79,6386254.73,13239.0,3314.6,13320.0,Horizon,Zechtein,22/14-1,jnasseri,True,True,30.0,False,0,0
431418.4,6380114.95,13941.45,3510.31,14026.0,Horizon,Zechtein,22/15-1,jnasseri,True,True,30.0,False,0,0
432129.87,6388340.58,12132.25,3173.17,12231.0,Horizon,Zechtein,22/15-2,jnasseri,True,True,30.0,False,0,0
429468.98,6407613.64,10672.44,2964.07,10751.0,Horizon,Zechtein,22/10a-2,jnasseri,True,True,30.0,False,0,0
429470.85,6407618.83,11312.17,3072.94,11391.0,Horizon,Buchan Fm,22/10a-2,jnasseri,True,True,32.0,False,0,0
450801.75,6345824.47,9793.38,2976.1,10028.0,Horizon,Lista Fm,23/21-6Z,jnasseri,True,True,8.0,False,0,0
450801.76,6345824.13,9554.38,2935.07,9789.0,Horizon,Sele Fm,23/21-6Z,jnasseri,True,True,4.0,False,0,0
450801.86,6345825.11,10039.37,3024.3,10274.0,Horizon,Mey Sst Mb,23/21-6Z,jnasseri,True,True,10.0,False,0,0
450801.73,6345824.24,9649.38,2952.08,9884.0,Horizon,Top Forties,23/21-6Z,jnasseri,True,True,5.0,False,0,0
450801.91,6345825.32,10118.36,3037.77,10353.0,Horizon,Maureen Fm,23/21-6Z,jnasseri,True,True,11.0,False,0,0
450801.87,6345825.99,10323.35,3074.01,10558.0,Horizon,Top Chalk/Ekofisk Fm,23/21-6Z,jnasseri,True,True,12.0,False,0,0
450801.8,6345824.07,9476.38,2915.57,9711.0,Horizon,Balder Fm,23/21-6Z,jnasseri,True,True,2.0,False,0,0
450777.76,6345825.26,12744.51,3367.08,12981.0,Horizon,Fulmar Fm,23/21-6Z,jnasseri,True,True,25.0,False,0,0
450756.0,6345823.03,13721.82,3515.86,13961.0,Horizon,Skagerrak Fm,23/21-6Z,jnasseri,True,True,28.0,False,0,0
448203.53,6358066.76,9130.81,2801.17,9216.0,Horizon,Balder Fm,23/16a-2,jnasseri,True,True,2.0,False,0,0
448203.3,6358066.53,9228.81,2830.57,9314.0,Horizon,Sele Fm,23/16a-2,jnasseri,True,True,4.0,False,0,0
448203.05,6358065.74,9402.78,2870.34,9488.0,Horizon,Top Forties Sst,23/16a-2,jnasseri,True,True,6.0,False,0,0
448202.8,6358064.78,9549.75,2912.38,9635.0,Horizon,Andrew Mb,23/16a-2,jnasseri,True,True,9.0,False,0,0
448202.03,6358062.97,9764.65,2945.39,9850.0,Horizon,Maureen Fm,23/16a-2,jnasseri,True,True,11.0,False,0,0
448201.23,6358061.34,9939.55,2974.18,10025.0,Horizon,Top Chalk/Ekofisk Fm,23/16a-2,jnasseri,True,True,12.0,False,0,0
448195.48,6358046.86,11873.83,3210.78,11960.0,Horizon,Rodby Fm,23/16a-2,jnasseri,True,True,18.0,False,0,0
448195.4,6358046.17,11930.79,3219.58,12017.0,Horizon,Valhall Fm,23/16a-2,jnasseri,True,True,20.0,False,0,0
448194.97,6358037.83,12678.24,3348.32,12765.0,Horizon,Kimm Clay Fm,23/16a-2,jnasseri,True,True,22.0,False,0,0
448197.28,6358036.01,12931.06,3408.92,13018.0,Horizon,Skagerrak Fm,23/16a-2,jnasseri,True,True,28.0,False,0,0
448203.77,6358031.36,13597.54,3513.33,13685.0,Horizon,Smith Bank Fm,23/16a-2,jnasseri,True,True,29.0,False,0,0
448212.49,6358058.85,274.0,94.88,359.0,Horizon,Seabed,23/16a-2,jnasseri,True,True,0.0,False,0,0
451909.22,6342074.76,10715.86,3176.96,10995.0,Horizon,Top Chalk/Ekofisk Fm,23/22b-6Z,jnasseri,True,True,12.0,False,0,0
451922.93,6342086.47,9833.9,3019.15,10110.0,Horizon,Sele Fm,23/22b-6Z,jnasseri,True,True,4.0,False,0,0
451920.42,6342083.69,9918.0,3036.93,10195.0,Horizon,Top Forties,23/22b-6Z,jnasseri,True,True,5.0,False,0,0
451924.78,6342088.39,9779.6,3007.99,10055.0,Horizon,Balder Fm,23/22b-6Z,jnasseri,True,True,2.0,False,0,0
452168.3,6342264.18,273.0,152.31,415.0,Horizon,Seabed,23/22b-6Z,jnasseri,True,True,0.0,False,0,0
451913.51,6342076.82,10217.24,3088.76,10496.0,Horizon,Lista Fm,23/22b-6Z,jnasseri,True,True,8.0,False,0,0
451910.95,6342075.44,10378.95,3119.83,10658.0,Horizon,Mey Sst Mb,23/22b-6Z,jnasseri,True,True,10.0,False,0,0
451909.54,6342074.95,10531.87,3147.25,10811.0,Horizon,Maureen Fm,23/22b-6Z,jnasseri,True,True,11.0,False,0,0
451909.03,6342075.66,12356.85,3374.05,12636.0,Horizon,Mackerel Fm,23/22b-6Z,jnasseri,True,True,14.0,False,0,0
451908.99,6342076.96,13620.84,3530.44,13900.0,Horizon,Rodby Fm,23/22b-6Z,jnasseri,True,True,18.0,False,0,0
451909.0,6342077.06,13641.84,3533.55,13921.0,Horizon,Valhall Fm,23/22b-6Z,jnasseri,True,True,20.0,False,0,0
451909.04,6342077.3,13681.83,3539.6,13961.0,Horizon,Judy Sst,23/22b-6Z,jnasseri,True,True,23.0,False,0,0
450777.76,6345825.26,12744.51,3367.08,12981.0,Horizon,BCU,23/21-6Z,jnasseri,True,True,21.0,False,0,0
450780.78,6345825.83,12573.81,3341.27,12810.0,Horizon,Valhall Fm,23/21-6Z,jnasseri,True,True,20.0,False,0,0
450782.18,6345826.09,12489.94,3330.59,12726.0,Horizon,Rodby Fm,23/21-6Z,jnasseri,True,True,18.0,False,0,0
451909.04,6342077.3,13681.83,3539.6,13961.0,Horizon,BCU,23/22b-6Z,jnasseri,True,True,21.0,False,0,0
